-- MariaDB dump 10.19  Distrib 10.4.27-MariaDB, for Win64 (AMD64)
--
-- Host: localhost    Database: budget
-- ------------------------------------------------------
-- Server version	10.4.27-MariaDB

/*!40101 SET @OLD_CHARACTER_SET_CLIENT=@@CHARACTER_SET_CLIENT */;
/*!40101 SET @OLD_CHARACTER_SET_RESULTS=@@CHARACTER_SET_RESULTS */;
/*!40101 SET @OLD_COLLATION_CONNECTION=@@COLLATION_CONNECTION */;
/*!40101 SET NAMES utf8mb4 */;
/*!40103 SET @OLD_TIME_ZONE=@@TIME_ZONE */;
/*!40103 SET TIME_ZONE='+00:00' */;
/*!40014 SET @OLD_UNIQUE_CHECKS=@@UNIQUE_CHECKS, UNIQUE_CHECKS=0 */;
/*!40014 SET @OLD_FOREIGN_KEY_CHECKS=@@FOREIGN_KEY_CHECKS, FOREIGN_KEY_CHECKS=0 */;
/*!40101 SET @OLD_SQL_MODE=@@SQL_MODE, SQL_MODE='NO_AUTO_VALUE_ON_ZERO' */;
/*!40111 SET @OLD_SQL_NOTES=@@SQL_NOTES, SQL_NOTES=0 */;

--
-- Table structure for table `charity`
--

DROP TABLE IF EXISTS `charity`;
/*!40101 SET @saved_cs_client     = @@character_set_client */;
/*!40101 SET character_set_client = utf8 */;
CREATE TABLE `charity` (
  `trans_date` date DEFAULT NULL,
  `description` text DEFAULT NULL,
  `amount` double DEFAULT NULL,
  `trans_id` int(11) NOT NULL AUTO_INCREMENT,
  PRIMARY KEY (`trans_id`)
) ENGINE=InnoDB AUTO_INCREMENT=259 DEFAULT CHARSET=utf8mb4 COLLATE=utf8mb4_general_ci;
/*!40101 SET character_set_client = @saved_cs_client */;

--
-- Dumping data for table `charity`
--

LOCK TABLES `charity` WRITE;
/*!40000 ALTER TABLE `charity` DISABLE KEYS */;
INSERT INTO `charity` VALUES ('2018-01-07','WHBC',-335,1),('2018-03-04','WHBC',-200,2),('2018-06-24','WHBC',-200,3),('2018-07-22','WHBC',-200,4),('2018-07-22','The Family Foundation',-128,5),('2018-07-22','Answers in Genesis',-128,6),('2018-08-05','Raikes Hill BC',-10,7),('2018-09-02','WHBC',-375,8),('2018-10-14','WHBC',-244,9),('2018-12-02','WHBC',-226,10),('2019-01-06','WHBC',-140,11),('2019-01-13','AiG',-150,12),('2019-01-20','WHBC',-212,13),('2019-02-17','WHBC',-216,14),('2019-03-31','WHBC',-275,15),('2019-04-03','AiG',-33,16),('2019-05-04','Family Foundation',-35,17),('2019-05-26','WHBC',-300,18),('2019-07-06','AiG',-51,19),('2019-07-07','WHBC',-400,20),('2019-08-10','The Family Foundation',-35,21),('2019-08-17','Lexington Leadership Foundation',-40,22),('2019-08-17','AiG',-35,23),('2019-08-17','The Family Foundation',-35,24),('2019-08-18','WHBC',-400,25),('2019-08-25','Immanuel Baptist Church, Harlan, KY',-20,26),('2019-09-15','WHBC',-200,27),('2019-10-13','Immanuel Baptist Church',-20,28),('2019-10-23','Family Foundation',-25,29),('2019-11-03','The Jackson\'s (for their travel costs to their son DJ\'s funeral)',-20,30),('2020-01-11','Family Foundation',-50,31),('2020-01-15','First PhishingBox Paycheck',91,32),('2020-01-19','Madison County Right to Life (contribution put my family\'s names and mine on local papers as supporting MCRTL)',-10,33),('2020-01-26','WHBC',-100,34),('2020-01-31','2nd PBox paycheck (applied 10+% to charity)',202,35),('2020-02-01','Charity reconciliation. Since I started the new budget system using charity table, I needed to add this value to make previous charity balance align with the current balance. Technically, the current balance is $201 (I owe $201 in charity). But, if you sum all values currently in this table, then it ends up being something like NEGATIVE $4756.',4756,36),('2020-02-08','Graduation gift - Roy & Linda Cheatham (10+% applied to charity)',10,42),('2020-02-14','Paycheck - pbox',160,43),('2020-02-23','WHBC',-325,44),('2020-02-28','Paycheck',147,45),('2020-03-13','Paycheck',151,47),('2020-03-15','WHBC',-250,48),('2020-03-18','The Family Foundation',-30,49),('2020-03-18','WHBC online giving',-46.65,50),('2020-04-01','Paycheck, PBox',184,51),('2020-04-05','WHBC',-205,52),('2020-04-16','paycheck',161,53),('2020-05-11','paycheck',219,54),('2020-05-11','WHBC',-350,55),('2020-05-29','Paychecks (x2)',358,56),('2020-05-30','Helped Bobby with his computer (10+% applied to charity)',2,57),('2020-05-31','WHBC',-300,58),('2020-06-07','Hillsdale College Imprimis',-33,59),('2020-06-15','Paycheck',177,60),('2020-06-20','Bday money (10+% applied to charity)',10,61),('2020-06-21','The Kentucky Family Foundation',-70.35,62),('2020-06-21','Institute for Creation Research',-50,63),('2020-06-30','Paycheck',168,64),('2020-07-12','WHBC',-250,65),('2020-07-11','Got questions ministries',-30,66),('2020-07-16','Paycheck',162,67),('2020-07-21','Paycheck (for pay raise - wasn\'t reflected in last check)',8,68),('2020-07-24','Life Training Institute',-125,69),('2020-08-02','The Mission Church of Lexington',-250,70),('2020-08-01','Paycheck',189,71),('2020-08-15','Paycheck',166,72),('2020-08-15','Raikes Hill Baptist Church',-40,73),('2020-08-27','The Shaddoxes',-115,74),('2020-08-31','Paycheck',194,75),('2020-09-16','Paycheck',145,78),('2020-09-20','WHBC',-275,97),('2020-09-27','The Family Foundation',-67,98),('2020-09-30','Paycheck',150,99),('2020-10-15','Paycheck',195,100),('2020-10-15','ICR',-50,101),('2020-10-30','Paycheck',202,102),('2020-11-01','WHBC',-375,103),('2020-11-05','AiG',-100,104),('2020-11-14','Paycheck',169,105),('2020-11-25','BFM',-50,106),('2020-11-25','WHBC',-175,107),('2020-11-30','Paycheck',178,108),('2020-12-07','Lottie Moon Christmast Offering',-75,109),('2020-12-11','Paycheck',234,110),('2020-12-13','Xmas money - Bill, Barbara, Janet, Joey',5,111),('2020-12-19','The Family Foundation',-100,112),('2020-12-25','Xmas money - mom and dad',10,113),('2020-12-28','Holiday Bonus from PhishingBox (10+% applied to charity)',50,114),('2020-12-31','Paycheck',203,115),('2021-01-07','WHBC',-375,116),('2021-01-10','The Mission Church of Lexington',-50,117),('2021-01-13','Paycheck',290,118),('2021-01-29','Paycheck',206,119),('2021-01-31','WHBC',-475,120),('2021-02-12','Paycheck',256,121),('2021-02-26','Paycheck',175,122),('2021-02-24','Helping Joey with homework',20,123),('2021-02-28','WHBC',-425,124),('2021-03-02','Stimulus money (from 2020, not received until today)',185,125),('2021-03-13','Paycheck',146,126),('2021-03-14','Offering for flood victims',-225,127),('2021-03-14','Money from Barbara (10+% applied to charity)',20,128),('2021-03-12','Stimulus check money',155,129),('2021-03-31','Paycheck',210,130),('2021-04-09','Rally Rewards - March 2021 (10+% applied to charity)',2,131),('2021-04-10','The Family Foundation of KY',-250,132),('2021-04-11','WHBC',-357,133),('2021-04-15','Paycheck',203,134),('2021-05-01','Paycheck',179,140),('2021-05-01','Rally rewards (10+% applied to charity)',2,141),('2021-05-02','Money for the bike guy - 1',-10,142),('2021-05-09','WHBC',-500,143),('2021-05-15','Paycheck',198,144),('2021-05-16','Family Fortress ministries',-20,145),('2021-05-16','The Family Foundation of KY',-266.66,146),('2021-05-23','Pregnancy Help Center',-304.11,147),('2021-05-28','Rally Rewards (10+% applied to charity)',2,148),('2021-05-28','Paycheck',132,149),('2021-06-14','Rally rewards (10+% applied to charity)',2,150),('2021-06-15','Paycheck',277,151),('2021-06-29','Venmo bonus (10+% applied to charity)',1,152),('2021-06-30','Paycheck',176,153),('2021-07-14','Paycheck',187,159),('2021-07-22','123formbuilder puchase for WHBC VBS registration',-13.24,160),('2021-07-25','WHBC',-250.99,161),('2021-07-30','Paycheck',195,162),('2021-07-31','Rally Rewards (10+% applied to charity)',2,163),('2021-08-03','Money for Adam (total: 10)',-5,164),('2021-08-13','Paycheck',180,165),('2021-08-12','Rally rewards (10+% applied to charity)',2,166),('2021-08-15','WHBC',-345,167),('2021-08-22','Haiti Relief',-150,168),('2021-08-31','Paycheck',214,169),('2021-09-15','Paycheck',199,170),('2021-09-19','Clays Mill BC',-10,171),('2021-09-26','Helping Wig with his computers (10+% applied to charity)',3,172),('2021-09-28','The Family Foundation of KY',-175,173),('2021-09-30','Paycheck',213,174),('2021-10-10','WHBC',-310,175),('2021-10-15','Paycheck',231,176),('2021-10-14','Rally Rewards (10+% applied to charity)',2,177),('2021-10-16','Steve and Kelli Shaddox',-50,178),('2021-10-30','Paycheck',193,179),('2021-10-31','Computer help for Eddie and Carolyn Hayes (10+% applied to charity)',2,180),('2021-11-15','Paycheck',205,181),('2021-11-14','WHBC',-475,182),('2021-11-14','Rally Rewards',2,183),('2021-11-21','Willis Baptist Church',-100,184),('2021-11-27','Working for Chad at cemetery (10+% applied to charity)',9,185),('2021-12-03','Paycheck',208,186),('2021-12-15','Paycheck',229,187),('2021-12-12','Offering at Willis',-10,188),('2021-12-14','Rally Rewards',2,189),('2021-12-15','KBC tornado disaster relief',-40,190),('2021-12-24','Xmas money (10+% applied to charity)',20,191),('2021-12-25','Xmas bonus (10+% applied to charity)',75,192),('2021-12-31','Paycheck',211,193),('2022-12-18','Reconciliation - DB crash & recovery',-135,194),('2022-12-18','SSBT',-500,195),('2022-12-30','Paycheck',264,196),('2023-01-01','WHBC',-150,197),('2023-01-04','Checks for wedding',20,198),('2023-01-13','Working for Stephanie',10,199),('2023-01-13','Ethan Paycheck',220,200),('2023-01-18','Money from wedding',15,201),('2023-01-22','South Side',-400,202),('2023-01-25','Venmo from Corey for wedding',6,203),('2023-01-30','Money from wedding',250,204),('2023-02-03','Wedding money from the Kellers',20,205),('2023-02-03','Money from the Miracles',5,206),('2023-01-27','Julie paycheck',72,207),('2023-02-05','SSBT',-500,208),('2023-02-05','Checks for wedding',20,209),('2023-02-07','Julie paycheck',56,210),('2023-02-17','Paycheck',254,211),('2023-02-22','Julie paycheck',74,212),('2023-02-27','Paycheck',330,216),('2023-03-05','TIthe',-680,217),('2023-03-12','WHBC',-100,218),('2023-03-10','Julie check',75,219),('2023-03-15','Paycheck',329,220),('2023-03-15','Sold wedding Wreaths to Sandy Wilson (10+% applied to charity)',10,221),('2023-03-21','Julie check',56,222),('2023-03-31','Paycheck',347,223),('2023-03-26','SSBT',-350,224),('2023-04-04','Julie paycheck',67,225),('2023-04-09','SSBT',-385,226),('2023-04-14','Paycheck',327,227),('2023-04-20','Julie\'s paycheck',93,228),('2023-04-23','SSBT',-420,229),('2023-04-30','Offering to first bible baptist lancaster, NY',-50,230),('2023-04-26','Money for candles from Maureen',5,231),('2023-04-30','Paycheck',294,232),('2023-04-28','Julie check',82,233),('2023-05-15','Paycheck',340,234),('2023-05-14','WHBC',-125,235),('2023-05-16','Julie paycheck',103,236),('2023-05-28','SSBT',-650,237),('2023-05-30','Julie grad money',10,238),('2023-05-30','Ethan paycheck',334,239),('2023-05-31','Julie paycheck',112,240),('2023-06-10','House sitting for Stephanie (10+% applied to charity)',30,241),('2023-06-11','SSBT',-500,242),('2023-06-13','Julie paycheck (5/27-6/9)',106,243),('2023-06-15','Paycheck Ethan',332,244),('2023-06-25','SSBT',-300,245),('2023-06-30','Ethan paycheck (thru 6/30)',232,246),('2023-06-18','WHBC',-200,247),('2023-06-29','Julie grad money (10+% applied to charity)',15,249),('2023-06-29','Julie paycheck 6/10-6/23',46,250),('2023-07-02','SSBT',-20,251),('2023-07-14','Julie paycheck',101,252),('2023-07-14','Ethan paycheck',262,253),('2023-07-16','SSBT',-600,254),('2023-07-23','First Baptist Church - Boyne',-25,255),('2023-07-28','Julie paycheck',102,256),('2023-07-28','Meijer gift card from Anna (10+% applied to charity)',5,257),('2023-07-28','Ethan paycheck (7/8-7/24)',324,258);
/*!40000 ALTER TABLE `charity` ENABLE KEYS */;
UNLOCK TABLES;

--
-- Table structure for table `expense_types`
--

DROP TABLE IF EXISTS `expense_types`;
/*!40101 SET @saved_cs_client     = @@character_set_client */;
/*!40101 SET character_set_client = utf8 */;
CREATE TABLE `expense_types` (
  `type_name` varchar(25) NOT NULL,
  PRIMARY KEY (`type_name`)
) ENGINE=InnoDB DEFAULT CHARSET=utf8mb4 COLLATE=utf8mb4_general_ci;
/*!40101 SET character_set_client = @saved_cs_client */;

--
-- Dumping data for table `expense_types`
--

LOCK TABLES `expense_types` WRITE;
/*!40000 ALTER TABLE `expense_types` DISABLE KEYS */;
INSERT INTO `expense_types` VALUES ('clothing'),('fast food'),('gas'),('groceries'),('medical'),('other'),('phone'),('rent'),('vehicle'),('xmas_bday');
/*!40000 ALTER TABLE `expense_types` ENABLE KEYS */;
UNLOCK TABLES;

--
-- Table structure for table `expenses`
--

DROP TABLE IF EXISTS `expenses`;
/*!40101 SET @saved_cs_client     = @@character_set_client */;
/*!40101 SET character_set_client = utf8 */;
CREATE TABLE `expenses` (
  `trans_date` date NOT NULL,
  `description` text NOT NULL,
  `amount` double NOT NULL,
  `trans_id` int(11) NOT NULL AUTO_INCREMENT,
  `expense_type` varchar(25) DEFAULT NULL,
  PRIMARY KEY (`trans_id`),
  KEY `expense_type` (`expense_type`),
  CONSTRAINT `expenses_ibfk_1` FOREIGN KEY (`expense_type`) REFERENCES `expense_types` (`type_name`)
) ENGINE=InnoDB AUTO_INCREMENT=1687 DEFAULT CHARSET=utf8mb4 COLLATE=utf8mb4_general_ci;
/*!40101 SET character_set_client = @saved_cs_client */;

--
-- Dumping data for table `expenses`
--

LOCK TABLES `expenses` WRITE;
/*!40000 ALTER TABLE `expenses` DISABLE KEYS */;
INSERT INTO `expenses` VALUES ('2018-01-02','Gas',24.1,1,'gas'),('2018-01-05','Lunch',5.3,2,'groceries'),('2018-01-05','Oil and Filter',16.68,3,'vehicle'),('2018-01-22','Gas',22.22,6,'gas'),('2018-01-26','Teeth cleaning',25,8,'other'),('2018-01-31','Gas',23.77,9,'gas'),('2018-02-01','Pics for bdays and Johnny',16.7,10,'xmas_bday'),('2018-02-14','Gas',18.53,12,'gas'),('2018-02-18','Food',3.7,13,'groceries'),('2018-02-19','Tracfone',20.27,14,'phone'),('2018-02-27','Car',3000,15,'vehicle'),('2018-02-28','Fishing license',20,16,'other'),('2018-03-01','Gas',22.84,17,'gas'),('2018-03-09','Dad\'s birthday - Old KY Chocolates',12.95,19,'xmas_bday'),('2018-03-12','Lunch with Richard',10.58,20,'groceries'),('2018-03-16','Gas',14.23,22,'gas'),('2018-03-26','Men\'s meeting @ the movies (\"Paul Apostle of Christ\")',8.75,23,'other'),('2018-04-01','Gas',24.16,28,'gas'),('2018-04-03','Various food for mom and myself',10.86,29,'groceries'),('2018-04-11','Case breakfast',5.35,30,'groceries'),('2018-04-15','Walmart - food for lunch with Richard and Daniel',18.63,31,'groceries'),('2018-04-15','Gas - Walmart',24.6,32,'gas'),('2018-04-29','New Tracfone plan',29.94,33,'phone'),('2018-05-06','Gas - Love\'s',25.42,35,'gas'),('2018-05-10','Food - Walmart',23.64,36,'groceries'),('2018-05-22','Lunch at Taco Bell',1.81,53,'groceries'),('2018-05-22','Gas - Love\'s',28.83,54,'gas'),('2018-05-29','Pictures for Anna\'s birthday',2.12,57,'xmas_bday'),('2018-06-04','Lunch at Valvoline Cafeteria with Mom',5.05,68,'groceries'),('2018-06-06','Food for Hudson\'s party',9.81,70,'groceries'),('2018-06-06','Gas at Marathon',23.52,71,'gas'),('2018-06-20','Gas',28.27,75,'gas'),('2018-06-22','Gas for Mom\'s car',26.43,77,'gas'),('2018-06-26','Lunch at Valvoline cafeteria (chicken tenders and fries)',4.97,79,'groceries'),('2018-07-11','Oil and filter for oil change',21.64,81,'vehicle'),('2018-07-11','Food',14.67,82,'groceries'),('2018-07-15','Gas',21.75,84,'gas'),('2018-07-17','Texts from Tracfone',5.3,85,'phone'),('2018-07-24','Food for work/school this fall.',44.7,90,'groceries'),('2018-07-24','Envelopes.',4.88,91,'other'),('2018-07-24','Gas',17.46,92,'gas'),('2018-08-02','Wavezone Skipper Outdoor shoes (Meijer)',12.72,94,'clothing'),('2018-08-06','Gas',24.35,97,'gas'),('2018-08-14','Tracfone plan - 90 days, 600 mins/texts/data',39.62,98,'phone'),('2018-08-17','Lunch with Brad Kachelreis at McDonalds',5.18,101,'groceries'),('2018-08-17','Gas',16.76,102,'gas'),('2018-08-28','Gas at Love\'s: 2.559 per gallon',24.36,103,'gas'),('2018-08-28','Ear buds',1.06,104,'other'),('2018-09-03','Gas',18.64,107,'gas'),('2018-09-12','Gas',24.28,108,'gas'),('2018-09-14','Food for get together with David Hudson',18.54,110,'groceries'),('2018-09-17','Dress Shoes - Gabriel Brothers',15.9,112,'clothing'),('2018-09-18','Drivers License renewal',20,113,'other'),('2018-09-21','Gas',31.76,114,'gas'),('2018-09-28','dental hygiene teeth',25,115,'other'),('2018-10-02','Better shoes from JC Penney',63.59,117,'clothing'),('2018-10-03','Gas',31.15,119,'gas'),('2018-10-06','Going to Lexington with Richard and Daniel',15,120,'groceries'),('2018-10-10','Gas',19.99,121,'gas'),('2018-10-18','Gas',20.84,124,'gas'),('2018-10-26','Gas',21.79,126,'gas'),('2018-11-02','Lunch with Richard and Daniel at Ramsey\'s',10,127,'groceries'),('2018-11-02','Gas - Marathon',16.21,128,'gas'),('2018-11-09','Gas',18,129,'gas'),('2018-11-12','Tracfone minutes, texts, data',39.62,131,'phone'),('2018-11-16','Gas - Speedway',16.72,132,'gas'),('2018-11-25','Food',1.19,133,'groceries'),('2018-11-26','Gas - Marathon',18.45,135,'gas'),('2018-12-07','Gas - Marathon on Richmond Rd.',23.31,138,'gas'),('2018-12-13','Pictures for Christmas',5.57,143,'other'),('2018-12-14','Stamps',10.1,144,'other'),('2018-12-14','Air needles for Dad',1.72,149,'xmas_bday'),('2018-12-15','Food',27.1,153,'groceries'),('2018-12-15','Blank cards, floss, and mouthwash',14.65,154,'other'),('2018-12-17','xmas - Mom',19.08,155,'xmas_bday'),('2018-12-17','xmas - Anna',16.43,156,'xmas_bday'),('2018-12-17','xmas - Dad',15.58,157,'xmas_bday'),('2018-12-18','Gas',23.18,158,'gas'),('2018-12-20','Stuff for Daniel\'s apartment.',7.12,160,'other'),('2018-12-27','Subway',1.73,162,'groceries'),('2018-12-27','Gas - Speedway @ 1.9299/gallon',16.36,163,'gas'),('2019-01-04','Salad @ cafeteria',5.3,168,'groceries'),('2019-01-04','Gas - Speedway',13.95,169,'gas'),('2019-01-14','Gas - Love\'s',17,173,'gas'),('2019-01-17','Car insurance (1 year of coverage). Paid Dad for it. Took off $135 for CSL plasma card (I gave him that). So, grand total was actually $465.',600,174,'vehicle'),('2019-01-18','Deodorant',2.1,176,'other'),('2019-01-18','Groceries for Valvoline locker',31.71,177,'groceries'),('2019-01-22','Lunch with Daniel at Meeples',7.41,179,'groceries'),('2019-01-24','Gas - Speedway',21.25,180,'gas'),('2019-02-01','Oil (5W-30 for $17.97) and Filter (Fram PH3614 for $3.77)',23.04,182,'vehicle'),('2019-02-01','Wheat crackers',1.88,183,'groceries'),('2019-02-02','Car tax',60,184,'vehicle'),('2019-02-04','Gas',19.09,185,'gas'),('2019-02-04','Wiper blades from Autozone (brand: RainX)',36.02,186,'vehicle'),('2019-02-08','Salad @ Valvoline (had lunch with Richard and Daniel)',5.3,187,'groceries'),('2019-02-08','Tracfone auto-refill plan (90 days, 600 minutes, 600 texts, 600 mg of data)',39.62,188,'phone'),('2019-02-12','Gas - SPeedway',17.4,190,'gas'),('2019-02-15','Lunch with Daniel at Avi (Valvoline\'s cafeteria)',5.3,192,'groceries'),('2019-02-20','Gas -Speedway',23.46,194,'gas'),('2019-02-24','Lunch at Cane\'s with Richard, Daniel, Daniel\'s parents, and Daniel\'s friends.',7.48,195,'groceries'),('2019-02-28','Gas',19.52,196,'gas'),('2019-03-05','Tire rotation, balance, and leak fix @ Miller\'s Tire, Richmond.',46.64,198,'vehicle'),('2019-03-10','Lunch in Lexington with the Hudsons',2,199,'groceries'),('2019-03-10','Gas',23.41,200,'gas'),('2019-03-22','Gas',25.4,202,'gas'),('2019-03-22','Teeth cleaning @ BCTC',25,203,'other'),('2019-03-28','Lunch with Daniel at Purdy\'s coffee shop',3.57,204,'groceries'),('2019-03-29','Lunch with Dad and Mom at Valvoline (for their birthdays)',16.65,206,'xmas_bday'),('2019-03-31','Gas - BP',23.54,208,'gas'),('2019-04-07','Shorts (Walmart)',3,212,'clothing'),('2019-04-07','Brushheads for Oral B Vitality brush',31.95,213,'other'),('2019-04-10','Gas - Walmart',21.56,214,'gas'),('2019-04-10','And-1 size 10 sandals - Walmart ',15.87,215,'clothing'),('2019-04-10','Instant coffee - Walmart',4.49,216,'groceries'),('2019-04-13','Marti & Liz Oofos sandals ',26.49,218,'clothing'),('2019-04-19','Lunch with Daniel and Richard at Valvoline',5.3,220,'groceries'),('2019-04-19','Gas - Speedway',21.84,221,'gas'),('2019-04-26','Hotdogs and Hamburger buns (for lunch Sunday - Cody is coming over)',3.38,223,'groceries'),('2019-04-29','Gas',22.85,224,'gas'),('2019-03-30','TurboTax software fee for 2018 taxes. Daniel helped me get it cheaper than full price.',64.98,226,'other'),('2019-05-07','Gas - BP',15.4,227,'gas'),('2019-05-09','Watch battery',6.34,229,'other'),('2019-05-09','Frozen veggies',1.82,230,'groceries'),('2019-05-09','Distilled water, uniodized salt',1.2,231,'other'),('2019-05-10','Fishing License',23,232,'other'),('2019-05-13','Lunch with Mom for Mother\'s Day (mom\'s meal) at Qdoba',10.5,235,'xmas_bday'),('2019-05-13','Lunch with Mom at Qdoba for Mother\'s Day (my meal)',10.5,236,'groceries'),('2019-05-14','Lunch with Daniel for Daniel\'s graduation (Daniel\'s lunch)',14,238,'xmas_bday'),('2019-05-14','Lunch with Daniel for Daniel\'s graduation (my meal)',14,239,'groceries'),('2019-05-14','Anna\'s birthday (AiG books)',22.24,240,'xmas_bday'),('2019-05-15','Tracfone (90 day plan, 180 mins, 180 texts, 180 mg)',20.27,241,'phone'),('2019-05-16','Gas - Speedway',24.41,242,'gas'),('2019-05-24','1/2 cup of milk at Valvoline\'s cafeteria',1.08,243,'groceries'),('2019-05-28','Gas - Speedway',20,245,'gas'),('2019-05-30','Lunch with Richard at Raising Cane\'s',7.09,246,'groceries'),('2019-06-06','Gas - Kroger @ 1.38/gal. With 20 cents off',22.61,247,'gas'),('2019-06-08','Lunch with the Hudsons at Mi Mexico in Lexington',3,248,'groceries'),('2019-06-14','Gas - Walmart @ 3.33/gal',18.86,249,'gas'),('2019-06-16','Took Dad & Mom out to eat for Father\'s Day at El Mariachi (Dad & Mom\'s meal)',19,250,'xmas_bday'),('2019-06-16','Father\'s Day meal at El Mariachi (my meal)',9.73,251,'groceries'),('2019-06-19','Lunch with the Hudsons at Sam\'s Club (apple slices)',4.98,252,'groceries'),('2019-06-22','2 new front tires from Miller\'s Tire',167.5,253,'vehicle'),('2019-06-22','Food from Save A Lot for Mom',4.54,254,'groceries'),('2019-06-22','Gas - Walmart @ 2.40/gal',24.47,255,'gas'),('2019-06-26','Rotors and brake pads for both front tires (Miller\'s Tire Too in Richmond)',325.79,256,'vehicle'),('2019-07-01','Gas - Circle K @ 3.50 (rounded up, of course ;)',22.82,258,'gas'),('2019-07-05','Brooklyn Pizza with Richard',8.13,259,'groceries'),('2019-07-07','\"I love my church\" t-shirts',14,262,'clothing'),('2019-07-13','Harlan trip - eating at Rax, Dairy Hut, and bottled water from gas station',9.85,263,'groceries'),('2019-07-15','Gas - BP off Athens exit',27.04,264,'gas'),('2019-07-16','Food & gum - Walmart',18.74,265,'groceries'),('2019-07-21','Belt at JCPenney',26.81,266,'clothing'),('2019-07-25','Gas - Walmart',22.62,267,'gas'),('2019-07-25','Oil ($17.99) & filter ($4.11) - Walmart. Oil was Valvoline, 5W-30. Filter was Fram, PH3614.',22.1,268,'vehicle'),('2019-07-26','Lunch with Joey at Taco Bell',5.6,269,'groceries'),('2019-07-28','Oil change at Walmart in Richmond. I provided the oil and filter, they just changed the oil. They also checked the air. It took about an hour, because I was second in line this morning at 8:00. Mileage: 147,223',9.05,270,'vehicle'),('2019-07-29','Legend\'s game parking with Joey',4,271,'other'),('2019-07-29','Pretzel at the Legend\'s game',3.5,272,'groceries'),('2019-07-31','Gas - Circle K',18.94,273,'gas'),('2019-08-03','Lunch @ Casa Cafe (near SAL) with David Hudson',5,274,'groceries'),('2019-08-06','Tracfone auto-refill plan (90 days, 180 mins,  180 texts, and 180 mg of data)',20.27,275,'phone'),('2019-08-09','Gas - BP off Athens exit',20.29,276,'gas'),('2019-08-13','Baked potato @ Valvoline (had lunch with Richard Carr)',1.62,278,'groceries'),('2019-08-15','Pretzel at the mall with Joey',4.01,279,'groceries'),('2019-08-18','Gas - BP across from Love\'s',18.53,284,'gas'),('2019-08-19','Tracfone 500 minutes NO SERVICE DAYS, TEXTS, or DATA',11.68,285,'phone'),('2019-08-25','Gas - Pilot in Corbin',9.47,287,'gas'),('2019-08-23','Gas - Love\'s',10.41,288,'gas'),('2019-08-25','Rax for Richard',13.09,289,'xmas_bday'),('2019-08-24','Pop corn, gum, and banana @ Walmart in Harlan',5.53,290,'groceries'),('2019-09-01','Ear buds',7.29,291,'other'),('2019-09-02','Gas - Thornton\'s in Hamburg',18.34,292,'gas'),('2019-09-02','Gum @ Thornton\'s',2.11,293,'other'),('2019-09-02','Helped Joey buy a video game',1.13,294,'xmas_bday'),('2019-09-07','Earbuds, dry erase markers, uniodized salt, and distilled water - Walmart',10.87,295,'other'),('2019-09-13','Gas - Speedway near Joey\'s grandparents\'',22.07,296,'gas'),('2019-09-19','Extra Gum at Walmart',12.68,298,'other'),('2019-09-22','Walmart with Joey and Tanner',6,299,'xmas_bday'),('2019-09-25','Gas at Shell across from SAL in Richmond',23.76,300,'gas'),('2019-10-01','Tracfone minutes (500 minutes)',11.73,301,'phone'),('2019-10-03','Brooklyn Pizza with Richard (my food)',8.14,302,'groceries'),('2019-10-03','Brooklyn pizza with Richard (Richard\'s pizza)',8.13,303,'xmas_bday'),('2019-10-03','Walmart - coffee, dental floss, and pencils',9.81,304,'other'),('2019-10-03','Chick-fil-A ice cream cone',1.47,305,'groceries'),('2019-10-08','Gas - Shell',23.69,306,'gas'),('2019-10-11','Teeth cleaning @ BCTC dental hygiene',25,307,'other'),('2019-10-11','Snacks @ Family Dollar',2.75,308,'groceries'),('2019-10-12','Rax of Harlan',5.66,310,'groceries'),('2019-10-15','BurgerFi with Mom, Judy, and Richard',11.17,311,'groceries'),('2019-10-16','Subway at UK (they wouldn\'t accept gift cards!!!)',4.51,312,'groceries'),('2019-10-18','1 gig of data for phone',10,313,'phone'),('2019-10-21','Gas - Love\'s @ 2.349',23.06,314,'gas'),('2019-10-29','Gas - Love\'s @ 2.249',18.44,316,'gas'),('2019-11-05','Food @ Terminator movie with Joey (Cinemark in Lexington). TOTAL food was $21.06!!!',4,318,'groceries'),('2019-11-05','Gas - Speedway @ 2.299/gal',22.1,319,'gas'),('2019-11-06','Tracfone (90 days, 180 each of mins, texts, mg data)',20.36,320,'phone'),('2019-11-06','Scented sticks for car',1.95,321,'vehicle'),('2019-11-06','Gum',3.16,322,'other'),('2019-11-06','Sweater at Goodwill',4.59,323,'clothing'),('2019-11-10','Burger King gift card for Henry\'s birthday (party will be on 11/16)',20,325,'xmas_bday'),('2019-11-13','Gas - BP (2.269/gal)',14.39,326,'gas'),('2019-11-15','Instant Coffee - Walmart',4.43,327,'groceries'),('2019-11-15','Oral B Tooth brush heads 4 pack - Walmart',31.77,328,'other'),('2019-11-16','Americano Coffee @ Purdy\'s',2.6,329,'groceries'),('2019-11-18','Breakfast @ McDonald\'s in Lexington (Richard and I had it on our way to Frankfort - I had a job interview up there)',5.51,330,'groceries'),('2019-11-25','Gas - Speedway 2.249/gal',20.78,1003,'gas'),('2019-11-30','Air for PC',5.27,1004,'other'),('2019-12-03','Joey\'s Christmas present (a book): Careers: The Graphic Guide to Planning Your Future',15.89,1005,'xmas_bday'),('2019-12-04','Lunch at Zaxby\'s with Richard on my way to interview for Programmer Analyst job in Frankfort',9,1006,'groceries'),('2019-12-04','Lunch at Zaxby\'s with Richard on my way to interview for Programmer Analyst job in Frankfort',9,1007,'xmas_bday'),('2019-12-10','Gas - Speedway @ 2.299/gal',22.22,1008,'gas'),('2019-12-14','Pics for Christmas cards',1.86,1009,'xmas_bday'),('2019-12-14','sardines',3.44,1010,'groceries'),('2019-12-14','20 Stamps',11,1011,'other'),('2019-12-16','LG Rebel 4 phone from Best Buy',52.99,1012,'phone'),('2019-12-16','LEXNEC Case for new LG Rebel 4 phone',5.25,1013,'phone'),('2019-12-18','Kettle corn for Dad (Xmas present)',17.25,1014,'xmas_bday'),('2019-12-18','Goat soap for Mom (xmas present)',19.08,1015,'xmas_bday'),('2019-12-20','Extra minutes, data (NOT a plan - just an add-on)',19.73,1016,'phone'),('2019-12-21','Gas - Love\'s @ 2.399/gal',24.82,1017,'gas'),('2019-12-21','Subway sandwich (also had a gift card and coupon)',1.4,1018,'groceries'),('2019-12-23','Squirt for the Hudsons',5.29,1019,'xmas_bday'),('2019-12-25','Anna\'s xmas',25,1020,'xmas_bday'),('2019-12-26','Head band ear muffs at Dick\'s',11.65,1021,'clothing'),('2019-12-29','Coffee, Hall\'s, and pickles - Walmart',8.45,1022,'groceries'),('2020-01-02','Car insurance (1 year of coverage) from Eerie insurance',558,1023,'vehicle'),('2020-01-03','Transmission flushed at Snow\'s Automotive in Richmond. Mileage: 151,360',194.44,1024,'vehicle'),('2020-01-03','Gas @ 2.469/gal',20.3,1025,'gas'),('2020-01-04','1,000 texts (Tracfone)',5.3,1026,'phone'),('2020-01-04','Vest from Kohl\'s',12.79,1027,'clothing'),('2020-01-04','Various food from Walmart',11.14,1028,'groceries'),('2020-01-08','gas - speedway 2.239',14.59,1031,'gas'),('2020-01-13','Gas - Speedway @2.119',13.42,1035,'gas'),('2020-01-17','Gas - Walmart @ 2.089/gal',10.58,1040,'gas'),('2020-01-17','Food et. cetera',24.44,1041,'groceries'),('2020-01-26','Gas - Love\'s @2.399/gal',22.76,1053,'gas'),('2020-01-28','Capers - pickled from Kroger',1.69,1054,'groceries'),('2020-01-29','Dinner with Wooky Kim, Ka-Wing Wong, and Shuangteng Zhang at Rafferty\'s in Hamburg',14,1055,'groceries'),('2020-01-30','Seaweed at the Yu Yu Asian Market (went to help Bobby Creiglow with his computer, stopped by the market afterwards)',4.99,1056,'groceries'),('2020-01-31','Gas - Circle K',16.2,1058,'gas'),('2020-02-01','Car tax for 2020',57.09,1063,'vehicle'),('2020-02-02','Fram oil filter (I bought a PH3614, but the mechanic said that my car required PH4967)',3.88,1064,'vehicle'),('2020-02-02','5W-30 Valvoline synthetic blend oil from Walmart (5 quarts)',17.47,1065,'vehicle'),('2020-02-02','Tax for oil and filter (I forgot to include that when I entered this info before)',1.28,1066,'vehicle'),('2020-02-02','Labor for changing oil at Walmart. Mileage: 152,284.',8.48,1067,'vehicle'),('2020-02-02','Sardines and albacore, Walmart',1.63,1068,'groceries'),('2020-02-05','90-day 180 mins/Mgs/texts',20.2,1069,'phone'),('2020-02-07','Gas',7.11,1070,'gas'),('2020-02-11','Salad greens & dressing - Kroger',1.5,1071,'groceries'),('2020-02-12','Dinner with Joey @ Supreme Hibachi (for Joey\'s birthday)',10.47,1072,'groceries'),('2020-02-12','Dinner with Joey @ Supreme Hibachi (for Joey\'s birthday)',10.46,1073,'xmas_bday'),('2020-02-13','Salad greens from Kroger',1.5,1074,'groceries'),('2020-02-13','gas - Circle K @ 2.129/gal',18.53,1075,'gas'),('2020-02-15','Lunch with Janet, Joey, Bill, Barbara, Michele, and Ava at Fayette Mall food court (celebrating Joey\'s birthday)',6.35,1076,'groceries'),('2020-02-16','Gas - Love\'s',10.51,1077,'gas'),('2020-02-16','Food - Walmart',5.55,1078,'groceries'),('2020-02-16','White shirt for Anna\'s wedding',16.92,1079,'clothing'),('2020-02-19','500 Minutes - Tracfone',11.64,1083,'phone'),('2020-02-22','Maroon tie for Anna\'s wedding',6.35,1084,'clothing'),('2020-02-25','Gas - Thornton\'s',14.89,1085,'gas'),('2020-02-25','Food - SAL',3.64,1086,'groceries'),('2020-03-01','Gas - Love\'s',20.68,1087,'gas'),('2020-03-03','Lunch with Mom at Joe Balona\'s',20,1088,'xmas_bday'),('2020-03-06','Ate dinner with Joey at Kroger on Euclid',6.84,1089,'groceries'),('2020-03-07','Eating out with the Hudson\'s @ Hardee\'s in Richmond',5,1090,'groceries'),('2020-03-07','Groceries - Walmart',12.4,1091,'groceries'),('2020-03-07','Gum',11.96,1092,'other'),('2020-03-07','Dental floss, toothpaste, mouth wash',7.82,1093,'other'),('2020-03-07','Gas - Love\'s',19.15,1094,'gas'),('2020-03-09','Lunch - Dad\'s birthday',32.92,1095,'xmas_bday'),('2020-03-09','Lunch - Dad\'s birthday',8,1096,'groceries'),('2020-03-12','Gas - Speedway @ 1.979/gal',11.27,1097,'gas'),('2020-03-17','Squirt drink for the Hudson\'s ',5.29,1098,'other'),('2020-03-19','Gas - Love\'s @ 1.699/gal',8.55,1099,'gas'),('2020-03-28','Shells for 20 gauge (Walmart)',5.81,1100,'other'),('2020-03-28','Food - walmart',1.88,1101,'groceries'),('2020-04-04','Drink mix - Kroger',1.67,1105,'groceries'),('2020-04-05','500 Tracfone minutes',11.63,1106,'phone'),('2020-04-13','Drink mix, straws Walmart',4.33,1107,'other'),('2020-04-26','Stamps for JPay',2.35,1110,'other'),('2020-05-02','Gas - Walmart at 1.459/gal',17.01,1111,'gas'),('2020-05-08','Tracfone - 90 day plan',20.19,1112,'phone'),('2020-05-09','Lunch for Mother\'s day (went to Taco Tico with Mom and Anna)',6.01,1113,'xmas_bday'),('2020-05-09','Lunch for Mother\'s day (went to Taco Tico with Mom and Anna)',6.88,1114,'groceries'),('2020-05-16','Ice cream with Dad, Mom, and Anna at DQ',2,1115,'groceries'),('2020-05-17','Fishing license',23,1116,'other'),('2020-05-20','Book for Anna\'s birthday',28.64,1117,'other'),('2020-05-23','Ray Comfort\'s book \"Undeniable Evidence\" for Anna\'s birthday',18.79,1119,'xmas_bday'),('2020-05-23','Fishing with Richard at White Hall pay lake',10,1120,'other'),('2020-05-23','Maxwell House Coffee - Walmart',6.28,1121,'groceries'),('2020-05-23','Fishing at White Hall pay lake with Richard',5,1122,'other'),('2020-05-27','Gas',17.08,1123,'gas'),('2020-05-30','Crocs - Meijer',47.7,1124,'clothing'),('2020-05-30','Drink Mix - Meijer',2.11,1125,'groceries'),('2020-06-06','Gas - Walmart',12.52,1126,'gas'),('2020-06-07','Fishing with Richard at White Hall Pay Lake',5,1127,'other'),('2020-06-07','Juice at Walmart',2.98,1128,'groceries'),('2020-06-13','5 Gum - Meijer',5.82,1129,'other'),('2020-06-16','Gas',18.61,1130,'gas'),('2020-06-17','Tracfone minutes',11.63,1131,'phone'),('2020-06-20','Distilled water, salt, and car freshners',4.15,1133,'other'),('2020-06-20','Mallow cups for Father\'s day',4.24,1134,'xmas_bday'),('2020-06-21','1,000 texts - Tracfone',5.3,1135,'phone'),('2020-06-27','Gas',21.13,1136,'gas'),('2020-07-02','Luna Protein bars - Kroger',5.89,1137,'groceries'),('2020-07-03','Gas - Corbin KY',14.57,1138,'gas'),('2020-07-05','Gas - Corbin @ 1.799/gallon',6.29,1139,'gas'),('2020-07-06','Coffee from Common Grounds',4.05,1140,'groceries'),('2020-07-10','Gum and peanuts - Walmart',9.51,1141,'groceries'),('2020-07-11','Fishing at White hall pay lake with Dad and Richard',5,1142,'other'),('2020-07-13','Gas',20.51,1143,'gas'),('2020-07-17','Mouthwash',2.12,1144,'other'),('2020-07-19','Parking at Still Waters campground - Frankfort, KY (took Joey fishing on Elk Horn creek)',4,1146,'other'),('2020-07-20','Gas - Thornton\'s @ 1.859/gal',16.6,1147,'gas'),('2020-07-24','Whiteboard markers - Walmart',3.67,1149,'other'),('2020-07-24','Fishing with Joey and Richard at White Hall Pay Lake',10,1150,'other'),('2020-07-27','Icy drink - Kroger',1.06,1151,'groceries'),('2020-07-27','Gas - Walmart',16.7,1152,'gas'),('2020-07-28','Keurig coffee cups',3.99,1153,'groceries'),('2020-08-03','5qts of Valvoline 5W-30 oil from walmart',17.99,1154,'vehicle'),('2020-08-03','Oil filter (Fram PH4967) from Walmart',4.11,1155,'vehicle'),('2020-08-03','Food - walmart',3.65,1156,'groceries'),('2020-08-04','Lunch with Richard at McDonald\'s',6.76,1157,'groceries'),('2020-08-06','Gas',15.6,1158,'gas'),('2020-08-06','Tracfone 90-day plan',20.18,1159,'phone'),('2020-08-08','Food - lunch at Newk\'s with Mom and Anna',2.75,1160,'groceries'),('2020-08-08','Note cards with cross on front - Walmart',7.4,1161,'other'),('2020-08-12','Pizza - West Coast Pizza on Fortune dr.',15.84,1162,'groceries'),('2020-08-14','Shorts at Kohl\'s',9.86,1163,'clothing'),('2020-08-14','Food - Walmart',3.56,1164,'groceries'),('2020-08-14','Oil change at Miller\'s (I provided the oil)',21.2,1165,'vehicle'),('2020-08-14','Tire repair at Miller\'s (they patched my tire)',16.43,1166,'vehicle'),('2020-08-15','Fishing with Richard at White Hall Pay Lake',5,1167,'other'),('2020-08-25','Gas',6.24,1169,'gas'),('2020-08-25','Pizza - West Coast',13.76,1170,'groceries'),('2020-08-27','Gas',2.18,1171,'gas'),('2020-08-27','Gas',19.48,1172,'gas'),('2020-08-29','Food - Walmart',13.32,1174,'groceries'),('2020-08-30','Ice cream with Joey, Simon at Crank and Boom',9,1175,'groceries'),('2020-09-06','Gas - Love\'s',15.1,1176,'gas'),('2020-09-10','Lunch with Chance Whittaker',11.32,1177,'groceries'),('2020-09-18','Tracfone 500 minutes',11.63,1178,'phone'),('2020-09-18','Gas - Walmart',17.44,1179,'gas'),('2020-09-24','Fishing with Richard at the Pay Lake',5,1181,'other'),('2020-09-29','Popcorn - Kroger',1.79,1182,'groceries'),('2020-09-29','Gas',20.09,1183,'gas'),('2020-10-03','Taking Joey to Natural Bridge (snacks, air in tire)',7.05,1184,'other'),('2020-10-03','1GB plan add-on',10,1185,'phone'),('2020-10-07','Gas - near Ashland',7.9,1186,'gas'),('2020-10-06','Rax',11.08,1187,'groceries'),('2020-10-07','Peanut butter - Dollar General',1.5,1188,'groceries'),('2020-10-06','Gas - Love\'s ',18.2,1189,'gas'),('2020-10-08','Fishing with Richard at the White Hall Pay Lake',5,1190,'other'),('2020-10-10','Book: \"The Big Book of Bible Difficulties: Clear and Concise Answers from Genesis to Revelation\" by Norman L. Geisler',19.67,1191,'other'),('2020-10-15','Walmart - various fishing gear',3.5,1192,'other'),('2020-10-15','Snacks - walmart',2.14,1193,'groceries'),('2020-10-15','Walmart - gum, mouth wash, etc.',15.83,1194,'other'),('2020-10-15','Dog whistle - Pet Smart',9.53,1195,'other'),('2020-10-14','Gas - Thornton\'s',16.62,1196,'gas'),('2020-10-17','Ice cream cones and fries with Joey at A&W',3.68,1197,'groceries'),('2020-10-20','Coffee - Kroger',4.29,1198,'groceries'),('2020-10-22','Breakfast at McDonald\'s in Midway (with Richard, on our way up to Louisville)',3.18,1199,'groceries'),('2020-10-22','Lunch at the Mall in Louisville (with Richard)',8.67,1200,'groceries'),('2020-10-24','Gas - Love\'s',17.9,1202,'gas'),('2020-10-24','Food - Walmart',6.61,1203,'groceries'),('2020-10-28','Keurig coffee - Kroger ',13.99,1204,'groceries'),('2020-10-28','Hydrogen peroxide',1.06,1205,'other'),('2020-11-02','Gas',15.07,1206,'gas'),('2020-11-05','Tracfone 90 day auto-enroll',20.18,1207,'phone'),('2020-11-19','Walmart - various',30.07,1208,'other'),('2020-11-26','AiG book for Joey',20.13,1210,'xmas_bday'),('2020-12-03','Gas - Walmart',20.13,1211,'gas'),('2020-12-03','Subway sandwiches',7.51,1212,'groceries'),('2020-12-09','Lunch with Corey',15.78,1213,'groceries'),('2020-12-12','Gum, pics at Walmart',4.07,1214,'other'),('2020-12-13','Minutes for phone',11.63,1215,'phone'),('2020-12-13','Phone case for Dad\'s LG Rebel',14.71,1216,'xmas_bday'),('2020-12-15','Gas',18.47,1217,'gas'),('2021-01-01','Erie Insurance for 2021 (this was when ownership of Toyota Corolla 2007 was officially moved into my name). Actually paid in late 2020, but technically this expense was for 2021.',933.04,1219,'vehicle'),('2020-12-25','anna + cody\'s xmas',31,1220,'xmas_bday'),('2021-01-07','Underwear - Walmart',16.94,1221,'clothing'),('2021-01-07','Food - Walmart',5.31,1222,'groceries'),('2021-01-07','Coffee - Walmart',8.48,1223,'groceries'),('2021-01-10','Dinner with Joey at Cracker Barrel',19.48,1224,'groceries'),('2021-01-12','Lunch at The Wok',11,1225,'groceries'),('2021-01-12','Gas',20.83,1226,'gas'),('2021-01-16','1gb data - tracfone',10,1229,'phone'),('2021-01-16','1,000 Texts',5.3,1230,'phone'),('2021-01-21','Transferring Toyota Corolla 2007 title into my name',66.14,1232,'vehicle'),('2021-01-23','Dinner with Daniel and Mikey at bd\'s Mongolian grill',18.89,1233,'groceries'),('2021-01-24','The Apocrypha - Amazon',22.84,1235,'other'),('2021-01-30','Filing tax return on 1040now site',17.95,1238,'other'),('2021-01-30','Floss, toothpaste, straws - walmart',11.8,1239,'other'),('2021-01-30','Drinks - walmart',3.28,1240,'groceries'),('2021-01-30','Gas - Walmart',18.79,1241,'gas'),('2021-01-31','Study Bible for Joey\'s birthday',41.29,1242,'xmas_bday'),('2021-02-02','Tracfone auto refill',20.26,1243,'phone'),('2021-02-06','Mom\'s Xmas and Bday - Macy\'s air fryer',105.99,1244,'xmas_bday'),('2021-02-06','tomato seeds - Lowe\'s',3.77,1245,'other'),('2021-02-06','Oil (Valvoline 5W-30 Synthetic - $16.97) + Filter (FRAM PH4967 - $3.88) - Walmart',22.1,1246,'vehicle'),('2021-02-06','Oil change - Walmart (I provided the oil) - Mileage was 159,400',25.87,1247,'vehicle'),('2021-02-06','Eggs, coffee- Walmart',9.26,1248,'groceries'),('2021-02-06','Fish hooks - Walmart',2.12,1249,'other'),('2021-02-08','Sandwich - Subway',5.5,1250,'groceries'),('2021-02-12','Dinner with Joey at Supreme Hibachi (for Joey\'s birthday)',13.35,1253,'groceries'),('2021-02-12','Dinner with Joey at Supreme Hibachi (for Joey\'s birthday)',13.34,1254,'xmas_bday'),('2021-02-14','Dental floss, mirror, gum, comb - walmart',14.48,1255,'other'),('2021-02-22','Lunch at Guss\'s with Corey',8.89,1257,'groceries'),('2021-03-01','Candies for dad + mom\'s birthdays (from Ruth Hunt candies)',28.46,1260,'xmas_bday'),('2021-03-04','Gas',22.24,1261,'gas'),('2021-03-06','Fishing license',23,1262,'other'),('2021-03-07','Lunch with Daniel at Casa Fiesta',9,1263,'groceries'),('2021-03-07','\"Confessions of a Happily Married Man\" by Josh Rogers',3.17,1264,'other'),('2021-03-11','Walmart - various',16.76,1265,'other'),('2021-03-13','Ketchup',2.56,1268,'groceries'),('2021-03-13','Time and Tru, size 11 croc-like water shoes',10.58,1269,'clothing'),('2021-03-13','Floppy sun hat',15.73,1270,'clothing'),('2021-03-15','Lunch at Guss\'s with Rudi, Corey, and Sam',12.08,1271,'groceries'),('2021-03-21','Gas- richmond',27.02,1273,'gas'),('2021-03-26','Tracfone minutes',11.63,1274,'phone'),('2021-03-28','Food - Meijer',14.66,1275,'groceries'),('2021-04-02','Lunch with Chance at Subway',7.76,1278,'groceries'),('2021-04-02','Gas @2.599/gal',22.57,1279,'gas'),('2021-04-05','Food - Kroger',11.96,1280,'groceries'),('2021-04-13','Dental hygiene appointment',10,1281,'medical'),('2021-04-13','Gas - Speedway',23.21,1282,'gas'),('2021-04-24','Lunch with Joey at Cracker Barrell',17.79,1286,'groceries'),('2021-04-24','Gas',22,1287,'gas'),('2021-04-24','Popcorn - Meijer',2.99,1288,'groceries'),('2021-04-28','Lunch with my coworkers at Chick Fil A',6.87,1289,'groceries'),('2021-04-29','Food',32.44,1290,'groceries'),('2021-04-29','New batteries for watch',4.63,1291,'other'),('2021-05-01','Ice Cream - McDonald\'s',1.58,1294,'groceries'),('2021-05-02','Money for the bike guy - 2',10,1295,'other'),('2021-05-03','Mcdonalds for lunch',4.12,1296,'groceries'),('2021-05-05','Gas',30.12,1297,'gas'),('2021-05-04','Tracfone',20.27,1298,'phone'),('2021-05-07','Fishing with Richard at the pay lake',5,1299,'other'),('2021-05-08','Mother\'s day meal (for dad and mom)',15,1300,'xmas_bday'),('2021-05-08','Mother\'s day meal (for me)',11,1301,'groceries'),('2021-05-09','My future buzzz',3.49,1302,'other'),('2021-05-10','Milk - Kroger',1.69,1303,'groceries'),('2021-05-10','Knife sharpener (Lowe\'s)',4.22,1304,'other'),('2021-05-10','My future buzzz (x2)',13.99,1305,'other'),('2021-05-18','My future buzzz (x3)',13.99,1308,'other'),('2021-05-18','Gas',26.52,1309,'gas'),('2021-05-22','Dinner at Cane\'s with richard',7.83,1311,'groceries'),('2021-05-22','Bread and straws from Meijer',6.23,1312,'other'),('2021-05-29','Taking Anna, Dad, and Mom to El Charro Texxacano for Anna\'s birthday',33,1313,'xmas_bday'),('2021-05-29','Shorts at Kohl\'s',26.49,1314,'clothing'),('2021-05-29','Various things at Walmart',24.1,1315,'groceries'),('2021-05-30','Fishing with Joey at Elk Horn Creek',5,1316,'other'),('2021-05-31','Fishing with the Furgosons, Richard, and Dad at the White Hall Pay Lake',15,1317,'other'),('2021-05-31','Gas',29.67,1318,'gas'),('2021-05-31','Little Ceasar\'s Pizza in frankfort w/ joey',7.42,1319,'groceries'),('2021-06-08','Vehicle registration renewal',23.63,1320,'vehicle'),('2021-06-10','Outside shoes - walmart',23.74,1321,'clothing'),('2021-06-10','Gum - walmart',11.62,1322,'other'),('2021-06-11','Gas',27.35,1323,'gas'),('2021-06-14','Milk at kroger',0.99,1324,'groceries'),('2021-06-14','Combs - Kroger',2.64,1325,'other'),('2021-06-18','Gas - Ironton @ 2.889/gal',21.51,1326,'gas'),('2021-06-20','Book by Norman Geisler: \"If God, Why Evil?\"',13.28,1328,'other'),('2021-06-22','Lunch with Dad at Joe B\'s',20,1329,'groceries'),('2021-06-22','Lunch with Lauren',22,1330,'groceries'),('2021-06-24','Habermas book',11.61,1331,'other'),('2021-06-23','Gas',20.9,1332,'gas'),('2021-07-05','Oil (5W-30 for $17.47) and filter (PH4967 for 3.88) at walmart',22.63,1333,'vehicle'),('2021-07-05','Food',29.37,1334,'groceries'),('2021-07-06','Lunch with the bros at Guss\'s',10,1335,'groceries'),('2021-07-07','Gas - walmart',28.65,1336,'gas'),('2021-07-08','Fishing with Richard',5,1337,'other'),('2021-07-10','500 Tracfone minutes',11.69,1338,'phone'),('2021-07-14','Legend\'s game with Joey (parking, food, and drink)',15,1339,'other'),('2021-07-14','Upward ',21.19,1340,'other'),('2021-07-15','Lunch with Furgoson\'s at El Charro',30,1341,'groceries'),('2021-07-17','Glasses at JC Penney',13.97,1342,'clothing'),('2021-07-16','Gas - trip to Daniel\'s (stopped twice)',40.37,1343,'gas'),('2021-07-20','Lunch with Jeremy Johnston',7.83,1344,'groceries'),('2021-07-22','123formbuilder purchase for WHBC VBS registration',13.25,1346,'other'),('2021-07-22','Legends Game with Richard',11,1347,'other'),('2021-07-24','Engine filter (Super Tech 3275) - Walmart',11.63,1348,'vehicle'),('2021-07-24','Antifreeze - Walmart',10.67,1349,'vehicle'),('2021-07-24','Coffee',8.48,1350,'groceries'),('2021-07-24','Pants - Goodwill',6,1351,'clothing'),('2021-07-26','Gas',24.31,1352,'gas'),('2021-07-30','Below knee shorts - walmart (George)',11.66,1354,'clothing'),('2021-07-31','Razors at walmart (Mach 3 Gillett brand, 12 count)',26.47,1355,'other'),('2021-08-02','Paint (2 bottles for $13) and primer ($6.99) for painting the car roof',21.19,1356,'vehicle'),('2021-08-03','Money for Adam (total: 10)',5,1357,'other'),('2021-08-04','Tracfone 3 month plan',20.27,1358,'phone'),('2021-08-05','Gas',29.02,1359,'gas'),('2021-08-06','Shaving cream - kroger',2.11,1360,'other'),('2021-08-06','Coffee- kroger',4.23,1361,'groceries'),('2021-08-17','Gas',22.67,1362,'gas'),('2021-08-20','Card from Meijer',5.25,1363,'other'),('2021-08-21','Gas - Walmart @2.769/gal',17.76,1365,'gas'),('2021-08-21','Lunch with Joey at Supreme Hibachi',10,1366,'groceries'),('2021-08-21','Tracfone 1,000 texts',5.3,1367,'phone'),('2021-08-27','Fishing with Richard at the Pay lake',5,1368,'other'),('2021-08-30','Belt and shirt at Goodwill',8,1369,'clothing'),('2021-08-30','Various items at Walmart',15.39,1370,'other'),('2021-08-30','Gas - Walmart',16.27,1371,'gas'),('2021-09-01','Rent - Sep',100,1372,'rent'),('2021-09-01','Scotch bubble mailer packages (x3)',2.11,1373,'other'),('2021-09-01','Package to Erica',4,1374,'other'),('2021-09-01','Stamps',11.6,1375,'other'),('2021-09-04','Dinner with Chad and Uriah at Pie Five pizza',18.21,1376,'groceries'),('2021-09-06','Khakis at Goodwill',5.29,1378,'clothing'),('2021-09-06','Sport suit and tie - Goodwill',8.03,1379,'clothing'),('2021-09-07','The Human Bean gift card',10,1380,'other'),('2021-09-13','Gas - Walmart',27.1,1381,'gas'),('2021-09-13','Dinner - Culver\'s',8.67,1382,'groceries'),('2021-09-16','Gum - Meijer',9.2,1383,'other'),('2021-09-16','Fishing with Richard at the Pay Lake',5,1384,'other'),('2021-09-17','Tracfone minutes',11.69,1385,'phone'),('2021-09-20','Snacks - Kroger',6.22,1386,'groceries'),('2021-09-21','Gas',30.66,1387,'gas'),('2021-09-25','Corey and Cassidy\'s wedding',35,1389,'xmas_bday'),('2021-09-24','Snacks',4.26,1390,'groceries'),('2021-09-24','Various',7.92,1391,'other'),('2021-09-26','Gas',21.03,1392,'gas'),('2021-09-29','Lunch with Richard at BurgerFi and ice cream at A&W',11.88,1393,'xmas_bday'),('2021-09-29','Lunch w/ Richard at BurgerFi and A&W (for richard\'s bday)',11.88,1394,'groceries'),('2021-09-30','Food for work',12.39,1395,'groceries'),('2021-10-01','Rent - October',100,1396,'rent'),('2021-10-05','Return shipping for KJV Bible',5.71,1397,'other'),('2021-10-07','Tracfone unlimited minutes and texts',214.61,1398,'phone'),('2021-10-08','Gas',31.4,1399,'gas'),('2021-10-08','Dinner with Joey at arby\'s',13.76,1400,'groceries'),('2021-10-10','Checkup',34.84,1401,'medical'),('2021-10-18','Gas (drove mom\'s car)',28.38,1402,'gas'),('2021-10-19','New battery for car - Die Hard Gold, CCA 640 36-month warranty (Advance Auto Parts)',190.79,1403,'vehicle'),('2021-10-21','Gas - walmart @3.0299/gal',20.78,1404,'gas'),('2021-10-22','Dress shoes from Goodwill',5,1406,'clothing'),('2021-10-24','1 pint of honey',12,1407,'other'),('2021-10-29','Gas',19.77,1408,'gas'),('2021-10-31','Fishing with RIchard',5,1409,'other'),('2021-10-30','Bug juice for Alena and Uriah',2.18,1410,'other'),('2021-11-02','Subway with Joey',1.79,1411,'groceries'),('2021-11-02','Gas - Walmart @1.989/gal',11.74,1412,'gas'),('2021-11-02','Coffee - Walmart',8.48,1413,'groceries'),('2021-11-03','Rent',100,1414,'rent'),('2021-11-03','Honey for Melissa',12,1415,'other'),('2021-11-05','Olive Garden with Julie',25.72,1416,'other'),('2021-11-05','Gas for trip up to Ohio',21.85,1417,'gas'),('2021-11-07','Gas trip back from OH',22.68,1418,'gas'),('2021-11-05','Smelly at 5 Below',2.67,1419,'other'),('2021-11-08','Drink at Kroger',1.58,1420,'groceries'),('2021-11-12','Roller blading with Joey at Champs',26.99,1421,'other'),('2021-11-12','Gas',29.5,1422,'gas'),('2021-11-14','Christmas stuff',66.58,1424,'xmas_bday'),('2021-11-16','Lunch with Richard at Chick fil A',9.53,1425,'groceries'),('2021-11-18','Gas',29.18,1426,'gas'),('2021-11-20','Clothes at Goodwill for Julie',18,1428,'other'),('2021-11-21','Gas',30,1429,'gas'),('2021-11-19','Dinner with Julie at American Table',25.79,1430,'other'),('2021-11-20','Gas',31.61,1431,'gas'),('2021-11-23','Carrots - Kroger',1.5,1432,'groceries'),('2021-11-23','Christmas shopping',96.8,1433,'xmas_bday'),('2021-11-27','Lunch at McAlister\'s with Chad',8.47,1444,'groceries'),('2021-11-30','Shipping for Julie\'s birthday present',11.75,1445,'other'),('2021-12-01','Rent',100,1446,'rent'),('2021-12-01','gas',24.51,1447,'gas'),('2021-12-04','Lunch with joey at Arby\'s',6.35,1448,'groceries'),('2021-12-03','Dinner with the Ferguson\'s at Babylon Garden',12.18,1449,'groceries'),('2021-12-06','Snacks for work',4.34,1450,'groceries'),('2021-12-06','Christmas stuff',9.95,1451,'xmas_bday'),('2021-12-06','Car refresheners',2.95,1452,'vehicle'),('2021-12-06','Chocolate',4.22,1453,'xmas_bday'),('2021-12-08','Gas',19.66,1454,'gas'),('2021-12-10','Date with Julie (we ate at Panda Express)',22,1455,'other'),('2021-12-10','Jewelry for Julie',21.19,1456,'other'),('2021-12-10','Cookies at Crumbl cookie',21.92,1457,'other'),('2021-12-10','Gas',10,1458,'gas'),('2021-12-13','Gas',19.47,1459,'gas'),('2021-12-13','Gas',24.68,1460,'gas'),('2021-12-17','Oil change (Miller\'s Tire in Richmond - had a coupon that paid for $32; mileage: 168,920)',24.18,1461,'vehicle'),('2021-12-17','Kohl\'s candle sticks for Mom and Anna\'s cars',10.6,1462,'xmas_bday'),('2021-12-17','Gas',21.02,1463,'gas'),('2021-12-20','Unlocking car',65,1464,'vehicle'),('2021-12-20','Gas for trip to MI ',47.95,1465,'gas'),('2021-12-20','Coffee for trip to MI',2.28,1466,'groceries'),('2021-12-17','Dinner with Julie at Moe\'s',27.25,1467,'other'),('2021-12-17','Crumbl Cookie cookies',13.18,1468,'other'),('2022-01-01','Erie car insurance for 2022 (paid on 12/24/2021)',933.04,1470,'vehicle'),('2021-12-26','Gas',23.05,1473,'gas'),('2021-12-26','Lunch with Richard at Wendy\'s',8.99,1474,'groceries'),('2021-12-28','Breakfast at McDonald\'s',3.38,1475,'groceries'),('2021-12-28','Spare key for Corolla from Grott\'s lock shop',5,1476,'vehicle'),('2022-12-07','Gas',25.59,1477,'gas'),('2022-12-09','Trip to Detroit',44.59,1478,'fast food'),('2022-12-12','Various - Family Dollar',15,1479,'other'),('2022-12-18','Meijer - groceries',15,1480,'groceries'),('2022-12-18','Christmas for Grandpa, Dane, Jonathan',37,1481,'xmas_bday'),('2022-12-18','Groceries - Meijer',82.14,1482,'groceries'),('2022-12-18','Underwear',20,1483,'clothing'),('2022-12-18','Pizza',10.58,1484,'fast food'),('2022-12-18','Walmart - groceries',7.49,1485,'groceries'),('2022-12-18','Gas ',27.54,1486,'gas'),('2022-12-17','Dollar tree snacks',5,1487,'groceries'),('2022-12-26','Wiper blades from AutoZone',42.38,1488,'vehicle'),('2022-12-26','Various - walmart',49.03,1489,'other'),('2022-12-26','Gas - Bucees Richmond @2.479/gal',20.2,1490,'gas'),('2022-12-26','Goodwill coat, pants and dresses for Julie',34.08,1491,'clothing'),('2022-12-26','Lunch with Julie, Daniel, and Steve at Cheddars in London',27.32,1492,'fast food'),('2022-12-26','Gas',17.14,1493,'gas'),('2022-12-26','Gas',17.79,1494,'gas'),('2022-12-30','Ice cream - Kroger',2.5,1495,'groceries'),('2022-12-30','Gas - Kroger',19.92,1496,'gas'),('2023-01-02','Groceries - Walmart (Ethan)',27.15,1497,'groceries'),('2023-01-02','Groceries - Walmart (Julie)',96.45,1498,'groceries'),('2023-01-02','Gas - in MI for 3.159/gal',30,1499,'gas'),('2022-12-16','Gas',34.83,1500,'gas'),('2023-01-01','Rent - January',750,1501,'rent'),('2023-01-02','Groceries - Walmart',117.5,1502,'groceries'),('2023-01-02','Gas - Willis at 3.159/gallon',30,1503,'gas'),('2023-01-06','Marriage license (Washtenaw county)',21.2,1504,'other'),('2023-01-07','Groceries - Meijer',32.83,1505,'groceries'),('2023-01-06','Food - Aldi',11.02,1506,'groceries'),('2023-01-06','Jerusalem Garden w/ Julie',18.22,1507,'fast food'),('2023-01-06','Food - Aldi',44.61,1508,'groceries'),('2023-01-06','Gas for Julie',33.33,1509,'gas'),('2023-01-10','Folder for school',3.6,1510,'other'),('2023-01-10','Subway - Julie',12,1511,'fast food'),('2023-01-10','Meijer',32,1512,'groceries'),('2023-01-10','Books - Julie',153.06,1513,'other'),('2023-01-10','Julie - Dr. + meds',31,1514,'medical'),('2023-01-13','Groceries - Walmart',45.7,1515,'groceries'),('2023-01-14','Wedding stuff - Meijer',63.71,1516,'other'),('2023-01-14','Gas for Julie car',37.28,1517,'gas'),('2023-01-14','Headlights, battery cleaning kit for Toyota Corolla - AutoZone',37.91,1518,'vehicle'),('2023-01-15','Shipping for Alena dress',11.6,1519,'other'),('2023-01-15','Aldi - groceries',43.75,1520,'groceries'),('2023-01-20','Groceries - Aldi',15.59,1522,'groceries'),('2023-01-20','Gas',30,1523,'gas'),('2023-01-20','Groceries - Meijer',98.65,1524,'groceries'),('2023-01-20','Subway',2.6,1525,'fast food'),('2023-01-22','Snacks',34.74,1526,'groceries'),('2023-01-20','Walmart - gift cards for people who helped out at wedding, ink, etc.',245,1527,'other'),('2023-01-27','Gas',20,1528,'gas'),('2023-01-27','Milk - walmart',2.83,1529,'groceries'),('2023-01-27','Lunch for Julie and Bethany',14.21,1530,'fast food'),('2023-01-29','Various - Target',46.37,1531,'groceries'),('2023-01-30','Filing Julies taxes with Taxact',39.95,1532,'other'),('2023-01-30','Gas - Julie',28.79,1533,'gas'),('2023-02-02','Rent - February',750,1534,'rent'),('2023-02-04','Groceries, stamps, etc. - Walmart',26.95,1535,'groceries'),('2023-02-08','Gas',25.31,1536,'gas'),('2023-02-10','Groceries - Aldi and Meijer',167.99,1537,'groceries'),('2023-02-10','Groceries - Aldi',85.57,1538,'groceries'),('2023-02-10','Copies of marriage license',35,1539,'other'),('2023-02-15','Soup for fundraiser at church',11,1540,'other'),('2023-02-15','Taxes (completed on freetaxusa.com)',30,1541,'other'),('2023-02-15','Gas',32.58,1542,'gas'),('2023-02-17','Julie school bill',585,1543,'other'),('2023-02-17','Groceries',118.79,1544,'groceries'),('2023-02-20','Going out with Julie for Valentines day',21.84,1545,'other'),('2023-02-24','Gas',30,1546,'gas'),('2023-02-23','Food',13,1547,'fast food'),('2023-02-24','Grocery store',97.1,1548,'groceries'),('2023-03-03','Transferring title for Ford Focus to my name (got license plate)',107,1555,'vehicle'),('2023-03-03','Insurance for 6 months from Frost & Remer for Ford Focus (this was slightly less than half of the $1100 we had negotiated because I did not start the policy for a few days after I submitted it)',495.12,1556,'vehicle'),('2023-03-03','Out to eat twice recently (Julie)',33,1557,'fast food'),('2023-03-03','Groceries',132.26,1558,'groceries'),('2023-03-04','Gas - Julie\'s car',38.26,1559,'gas'),('2023-03-06','Printed off some wedding pics',7,1560,'other'),('2023-03-06',':)',15,1561,'other'),('2023-03-07','Phone - Julie (March)',63,1562,'phone'),('2023-03-08','Gas - trip to KY',28.15,1563,'gas'),('2023-03-12','Julie lunch with Jessica Johnston',15,1564,'fast food'),('2023-03-12','Rudi baby gift',20,1565,'xmas_bday'),('2023-03-12','Grandpa bday',15,1566,'xmas_bday'),('2023-03-12','Dad lunch at Mancinos',42,1567,'xmas_bday'),('2023-03-13','Gas',32.67,1568,'gas'),('2023-03-13','Groceries',122.54,1569,'groceries'),('2023-03-17','Groceries',65.04,1570,'groceries'),('2023-03-17','Gas',28.29,1571,'gas'),('2023-03-18','Arbys, Tim Hortons',12,1572,'fast food'),('2023-03-18','Pants, etc. from Goodwill',6,1573,'clothing'),('2023-03-18','Fresh fruit & veg',12,1574,'groceries'),('2023-03-19','Faith Promise Giving',125,1575,'other'),('2023-03-23','Gas',31.21,1576,'gas'),('2023-03-23','Groceries - Meijer',151.3,1577,'groceries'),('2023-03-25','Gas @3.269/gal',20.81,1578,'gas'),('2023-03-25','Groceries - Walmart',11,1579,'groceries'),('2023-03-01','Rent- March',750,1580,'rent'),('2023-03-29','Julie lunch',12.79,1581,'fast food'),('2023-03-29','Julie ear medicine',6,1582,'medical'),('2023-03-30','Groceries - Aldi + Meijer',147.78,1583,'groceries'),('2023-04-01','Coffee w/ Julie at Tim Horton\'s',7.65,1584,'fast food'),('2023-04-01','Rent - April',750,1585,'rent'),('2023-04-01','Renting apartment in New York for trip at end of April',183,1586,'other'),('2023-04-04','Vehicle registration renewal (including recreation passport) for Toyota corolla',89,1587,'vehicle'),('2023-04-05','gas',34,1588,'gas'),('2023-04-06','MI fishing license',26,1589,'other'),('2023-04-07','2 containers of coolant for Julie\'s car',21.98,1590,'vehicle'),('2023-04-07','Groceries - Aldi + Meijer',97.26,1591,'groceries'),('2023-04-09','Gas',25,1593,'gas'),('2023-04-09','Cracker Barrel w/ Julie',26.55,1594,'fast food'),('2023-04-10','Stop Leak for Julie\'s car from NAPA (the radiator was leaking)',10.59,1595,'vehicle'),('2023-04-07','Julie - lunch w/ Marielle',20,1596,'fast food'),('2023-04-11','Ice cream at A&W',4.5,1597,'fast food'),('2023-04-14','Ignition coil, valve cover set, and water outlet for Ford Focus 2010',150.49,1598,'vehicle'),('2023-04-13','Groceries - Aldi',71.14,1599,'groceries'),('2023-04-13','Groceries - Meijer',28.88,1600,'groceries'),('2023-04-13','Groceries - Walmart',22.03,1601,'groceries'),('2023-04-14','Groceries',13.34,1602,'groceries'),('2023-04-15','Sand paper from Ace Hardware',1.69,1603,'vehicle'),('2023-04-20','Fixing Julie\'s car  - installing new water valve outlet; installing gasket seal; installing one ignition cover (Justin Wass)',200,1604,'vehicle'),('2023-04-19','Gas',35.2,1605,'gas'),('2023-04-21','Two 5 quart cans of oil (5w-20 for Ford Focus and 5w-30 for Toyota Corolla); Fram PH 3614 filter for Focus',45.62,1606,'vehicle'),('2023-04-21','Dish tabs for dishwasher',7.94,1607,'groceries'),('2023-04-21','Groceries - Aldi and Meijer',143.43,1608,'groceries'),('2023-04-22','Shoes for Julie',23,1609,'clothing'),('2023-04-22','Fram PH4967 filter for corolla',4.3,1610,'vehicle'),('2023-04-24','Rotors and brake pads for Julie\'s Ford Focus (bought them from RockAuto)',78,1611,'vehicle'),('2023-04-23','Gas @3.469/gal',35,1612,'gas'),('2023-04-24','Ticket for Mother/Daughter',12,1613,'other'),('2023-04-25','AirBnB in Cleveland for April 27-28',95,1614,'other'),('2023-04-25','Phone for Julie',60,1615,'phone'),('2023-04-30','Gas - trip to the falls',44.37,1616,'gas'),('2023-05-01','Rent - May',750,1617,'rent'),('2023-05-05','Ice cream at Frosty Boy',11.17,1618,'fast food'),('2023-05-06','Groceries - Walmart',20,1619,'groceries'),('2023-05-07','Gas',20,1620,'gas'),('2023-05-03','Groceries - Aldi',33.93,1621,'groceries'),('2023-05-07','Gas',20,1622,'gas'),('2023-05-10','Gas',26.56,1623,'gas'),('2023-05-13','Groceries',108.31,1624,'groceries'),('2023-05-14','Gas',30.4,1625,'gas'),('2023-05-15','Gas for Julie\'s car @3.289/gas',32.73,1626,'gas'),('2023-05-13','Girls weekend',74,1627,'fast food'),('2023-05-18','China King w/ Julie',29.5,1628,'fast food'),('2023-05-19','Plants from Zywicki\'s',16.7,1629,'other'),('2023-05-21','Various - Julie garage saling',7,1630,'other'),('2023-05-21','Various - Kroger',37,1631,'groceries'),('2023-05-27','Tomatoes from Banotai',3.5,1632,'other'),('2023-05-27','Tire from Fox Auto',42.4,1633,'vehicle'),('2023-05-27','Rugs, shoes at TJMAXX',31.09,1634,'clothing'),('2023-05-27','Kendra Monroe grad gift',10,1635,'xmas_bday'),('2023-05-31','Anna\'s bday (Doordash)',26.15,1636,'xmas_bday'),('2023-05-31','Sydney bridal shower gift',17.92,1637,'xmas_bday'),('2023-05-31','Gas - julie and ethan car',68.55,1638,'gas'),('2023-06-02','Groceries - Aldi',64.65,1639,'groceries'),('2023-06-02','Rent - June',750,1640,'rent'),('2023-06-01','Groceries - Meijer',44.26,1641,'groceries'),('2023-06-03','Gas - Julie\'s car',18.04,1642,'gas'),('2023-06-03','Pancheros - Ann Arbor',20.25,1643,'fast food'),('2023-06-03','Groceries - Meijer',8.06,1644,'groceries'),('2023-06-03','Ulta beauty and Kohls',21.52,1645,'clothing'),('2023-06-06','Ice cream from Family Dollar',5.5,1646,'groceries'),('2023-06-07','Groceries',159.39,1647,'groceries'),('2023-06-10','Scott\'s Father\'s day gift',20,1648,'xmas_bday'),('2023-06-10','Julie phone',60,1649,'phone'),('2023-06-11','Gas @2.569/gal',25.18,1650,'gas'),('2023-06-14','Book for dad for father\'s day',22.95,1651,'xmas_bday'),('2023-06-24','Groceries',139,1652,'groceries'),('2023-06-28','Gas',35,1653,'gas'),('2023-07-01','Gas',33.24,1654,'gas'),('2023-06-30','Struts, control arm, tie rod replaced on Ford Focus at Mr. Muffler in Belleville (parts had a lifetime warranty)',1252.8,1655,'vehicle'),('2023-07-01','Breakfast at Bob Evans with Melissa, Grandpa, and Grandma',21.98,1656,'fast food'),('2023-07-01','Rent - July',750,1657,'rent'),('2023-07-01','Groceries - Aldi and Meijer',108.39,1658,'groceries'),('2023-07-04','Gas',29.04,1659,'gas'),('2023-07-04','Goodwill',10,1660,'clothing'),('2023-07-07','Lily grad present',15,1661,'xmas_bday'),('2023-07-06','Gorceries',62.5,1662,'groceries'),('2023-07-07','Putting tire on front-driver side for Toyota corolla at Fox Auto u-pull (the old tire had a nail in the wall)',28.09,1663,'vehicle'),('2023-07-07','Julie contact prescription (1 year prescription)',232.61,1664,'medical'),('2023-07-08','Julie',6,1665,'fast food'),('2023-07-08','Julie - Target and garage sale',17,1666,'other'),('2023-07-10','Containers from yard sale',2,1667,'other'),('2023-07-13','Groceries',85.64,1668,'groceries'),('2023-07-14','July phone bill',60,1669,'phone'),('2023-07-13','Gas',28.11,1670,'gas'),('2023-07-15','Groceries',45,1671,'groceries'),('2023-07-15','Lunch at Arbys',12.71,1672,'fast food'),('2023-07-19','CD from Heartland',12,1673,'other'),('2023-07-19','Groceries',110,1674,'groceries'),('2023-07-21','Gas',26.61,1675,'gas'),('2023-07-23','Gas',17.89,1676,'gas'),('2023-08-17','Renters insurance',141,1677,'other'),('2023-08-17','Semi-annual car insurance for Corolla and Ford Focus',918,1678,'vehicle'),('2023-07-26','Groceries',5.69,1679,'groceries'),('2023-07-27','Scott and Jamie\'s wedding',50,1680,'xmas_bday'),('2023-07-28','Groceries',123.19,1681,'groceries'),('2023-07-29','Various',10,1682,'other'),('2023-07-30','Gas',32.92,1683,'gas'),('2023-07-30','Ice cream',10.06,1684,'fast food'),('2023-08-01','Teeth cleaning at Accurate Dental in Belleville',50,1685,'medical'),('2023-08-01','Rent - August',750,1686,'rent');
/*!40000 ALTER TABLE `expenses` ENABLE KEYS */;
UNLOCK TABLES;

--
-- Table structure for table `gross_wages`
--

DROP TABLE IF EXISTS `gross_wages`;
/*!40101 SET @saved_cs_client     = @@character_set_client */;
/*!40101 SET character_set_client = utf8 */;
CREATE TABLE `gross_wages` (
  `wage_year` int(11) NOT NULL,
  `amount` double NOT NULL DEFAULT 0,
  `job_name` varchar(50) NOT NULL DEFAULT 'PhishingBox',
  `description` varchar(50) DEFAULT NULL,
  PRIMARY KEY (`wage_year`,`job_name`),
  KEY `gross_wages_fk` (`job_name`),
  CONSTRAINT `gross_wages_fk` FOREIGN KEY (`job_name`) REFERENCES `jobs` (`name`) ON DELETE NO ACTION ON UPDATE NO ACTION
) ENGINE=InnoDB DEFAULT CHARSET=utf8mb4 COLLATE=utf8mb4_general_ci;
/*!40101 SET character_set_client = @saved_cs_client */;

--
-- Dumping data for table `gross_wages`
--

LOCK TABLES `gross_wages` WRITE;
/*!40000 ALTER TABLE `gross_wages` DISABLE KEYS */;
INSERT INTO `gross_wages` VALUES (2020,42904.88,'PhishingBox','Not 100% sure this is accurate (remember that PBox'),(2021,51111.66,'PhishingBox',NULL),(2022,62106.8,'PhishingBox',NULL);
/*!40000 ALTER TABLE `gross_wages` ENABLE KEYS */;
UNLOCK TABLES;

--
-- Table structure for table `jobs`
--

DROP TABLE IF EXISTS `jobs`;
/*!40101 SET @saved_cs_client     = @@character_set_client */;
/*!40101 SET character_set_client = utf8 */;
CREATE TABLE `jobs` (
  `name` varchar(20) NOT NULL,
  PRIMARY KEY (`name`)
) ENGINE=InnoDB DEFAULT CHARSET=utf8mb4 COLLATE=utf8mb4_general_ci;
/*!40101 SET character_set_client = @saved_cs_client */;

--
-- Dumping data for table `jobs`
--

LOCK TABLES `jobs` WRITE;
/*!40000 ALTER TABLE `jobs` DISABLE KEYS */;
INSERT INTO `jobs` VALUES ('Amazon'),('PhishingBox'),('Save A Lot'),('Stephanie\'s Daycare '),('Valvoline'),('Walmart');
/*!40000 ALTER TABLE `jobs` ENABLE KEYS */;
UNLOCK TABLES;

--
-- Table structure for table `other_earnings`
--

DROP TABLE IF EXISTS `other_earnings`;
/*!40101 SET @saved_cs_client     = @@character_set_client */;
/*!40101 SET character_set_client = utf8 */;
CREATE TABLE `other_earnings` (
  `earning_date` date NOT NULL,
  `description` text NOT NULL,
  `amount` double NOT NULL,
  `earning_id` int(11) NOT NULL,
  PRIMARY KEY (`earning_id`)
) ENGINE=InnoDB DEFAULT CHARSET=utf8mb4 COLLATE=utf8mb4_general_ci;
/*!40101 SET character_set_client = @saved_cs_client */;

--
-- Dumping data for table `other_earnings`
--

LOCK TABLES `other_earnings` WRITE;
/*!40000 ALTER TABLE `other_earnings` DISABLE KEYS */;
INSERT INTO `other_earnings` VALUES ('2023-03-15','Sold wedding Wreaths to Sandy Wilson',100,0),('2018-02-08','KEES money',196,233),('2018-03-15','Lou',30,234),('2018-03-27','Found',1,235),('2018-05-02','Working for Lou',25,236),('2018-05-12','Sold Kodak camera to Dad',40,237),('2018-05-16','working for Lou',5,238),('2018-05-27','Working for Colleen :)',1,239),('2018-06-06','Sold books at Half Price Books',15.4,240),('2018-06-20','Birthday money',100,241),('2018-07-13','Mom paying me back for whipping cream',2,242),('2018-07-25','Found',5,243),('2018-09-15','KEES money',227,244),('2018-10-03','Refund for shoes from Gabes',15.9,245),('2018-12-27','Returned Ethiopia coffee beans (Walmart)',4.62,246),('2018-12-26','Plasma donation@ CSL Plasma center, Lexington',60,247),('2018-12-25','Xmas money',160,248),('2019-01-11','CSL Plasma donation',75,249),('2019-02-09','KEES money (for spring 2019)',196,250),('2019-04-13','Refund for Walmart And-1 size 10 sandals',15.87,251),('2019-05-23','Donated blood for KBC blood drive at Valvoline for $10 Speedway gift card',10,252),('2019-06-20','Birthday money',100,255),('2019-07-24','Donated blood to KBC. Got two Walmart gift cards - $10 bucks a piece',20,256),('2019-09-07','Refund - Earbuds',7.29,257),('2019-09-14','KEES money (would have been $197, but $20 was taken out of the refund to pay for GLY course fee which was applied to my account late)',177,258),('2019-10-21','Found',1.6,259),('2019-12-14','Chistmas money from the McGuire family',40,260),('2019-12-16','Graduation money (dad & mom)',100,261),('2019-12-19','Graduation money from the McGuire\'s',100,262),('2019-12-25','Christmas money (mom and dad)',100,263),('2019-12-26','Graduation money - Bobby and Lois',25,264),('2019-12-27','Money for ear muffs (Mom had bought me ear muffs that didn\'t work, so she returned them and gave me the money)',12,265),('2019-12-29','Graduation money - the Carrs',50,266),('2019-12-29','Christmas money - Cheatham\'s',35,267),('2019-12-29','Graduation money - Tom & Carole',100,268),('2020-01-04','Anna returned air compressor from Kohl\'s (her xmas to me) and gave me $5',5,269),('2020-01-10','Sold books to Half Priced Books',3,270),('2020-01-20','Helped Bobby Creiglow install Windows 10 on his computer',110,277),('2020-02-08','Graduation gift - Roy & Linda Cheatham',100,281),('2020-03-09','Mom paid for her and Anna\'s lunch at El Mariachi',20,282),('2020-05-30','Helped Bobby with his computer',20,283),('2020-06-20','Bday money',100,284),('2020-12-25','xmas money - mom and dad',50,285),('2020-12-13','xmas money - the mcguire family',50,286),('2020-12-31','First stimulus check I did not actually receive it in 2020, due to the way I filed my taxes in 2020 (I thought Dad claimed me as a dependent, when he didn\'t); I got this stimulus check after filling out my 2020 tax return in Jan. 2021. So, it was included in my 2020 tax return that I received in 2021.',1200,288),('2020-12-31','Second stimulus check I did not actually receive it in 2020, due to the way I filed my taxes in 2020 (I thought Dad claimed me as a dependent, when he didn\'t); I got this stimulus check after filling out my 2020 tax return in Jan. 2021. So, it was included in my 2020 tax return that I received in 2021.',600,289),('2021-02-24','Helping Joey with math homework (Barbara insisted on paying me something for it)',20,290),('2021-03-14','Money from Barbara',20,291),('2021-03-12','Stimulus check #3',1400,292),('2021-04-09','Rally Rewards - March 2021',20,293),('2021-05-01','Rally rewards',20,294),('2021-05-28','Rally Rewards',20,295),('2021-06-14','Rally rewards',20,296),('2021-06-29','Venmo bonus',10,297),('2021-07-31','Rally Rewards',20,303),('2021-08-12','Rally rewards',20,304),('2021-09-26','Helping Wig with his computers',30,305),('2021-10-14','Rally Rewards',20,306),('2021-10-31','Computer help for Eddie and Carolyn Hayes',20,307),('2021-11-08','Found $5',5,308),('2021-11-27','Working for Chad at cemetery',90,309),('2021-12-14','Rally Rewards',20,310),('2021-12-24','Xmas money',200,311),('2023-01-13','Working for Stephanie',100,313);
/*!40000 ALTER TABLE `other_earnings` ENABLE KEYS */;
UNLOCK TABLES;

--
-- Table structure for table `tax_liability`
--

DROP TABLE IF EXISTS `tax_liability`;
/*!40101 SET @saved_cs_client     = @@character_set_client */;
/*!40101 SET character_set_client = utf8 */;
CREATE TABLE `tax_liability` (
  `tax_year` int(11) NOT NULL,
  `amount` double NOT NULL,
  `description` varchar(50) DEFAULT NULL,
  `tax_type` varchar(50) NOT NULL DEFAULT 'Federal',
  PRIMARY KEY (`tax_year`,`tax_type`),
  KEY `tax_liability_fk` (`tax_type`),
  CONSTRAINT `tax_liability_fk` FOREIGN KEY (`tax_type`) REFERENCES `tax_types` (`name`) ON DELETE NO ACTION ON UPDATE NO ACTION
) ENGINE=InnoDB DEFAULT CHARSET=utf8mb4 COLLATE=utf8mb4_general_ci;
/*!40101 SET character_set_client = @saved_cs_client */;

--
-- Dumping data for table `tax_liability`
--

LOCK TABLES `tax_liability` WRITE;
/*!40000 ALTER TABLE `tax_liability` DISABLE KEYS */;
/*!40000 ALTER TABLE `tax_liability` ENABLE KEYS */;
UNLOCK TABLES;

--
-- Table structure for table `tax_return`
--

DROP TABLE IF EXISTS `tax_return`;
/*!40101 SET @saved_cs_client     = @@character_set_client */;
/*!40101 SET character_set_client = utf8 */;
CREATE TABLE `tax_return` (
  `tax_year` int(11) NOT NULL,
  `amount` double NOT NULL DEFAULT 0,
  `tax_type` varchar(50) NOT NULL DEFAULT 'Federal',
  `description` varchar(50) DEFAULT NULL,
  PRIMARY KEY (`tax_year`,`tax_type`),
  KEY `tax_types_fk` (`tax_type`),
  CONSTRAINT `tax_types_fk` FOREIGN KEY (`tax_type`) REFERENCES `tax_types` (`name`) ON DELETE NO ACTION ON UPDATE NO ACTION
) ENGINE=InnoDB DEFAULT CHARSET=utf8mb4 COLLATE=utf8mb4_general_ci;
/*!40101 SET character_set_client = @saved_cs_client */;

--
-- Dumping data for table `tax_return`
--

LOCK TABLES `tax_return` WRITE;
/*!40000 ALTER TABLE `tax_return` DISABLE KEYS */;
INSERT INTO `tax_return` VALUES (2022,1714,'Federal','Ethan\'s taxes'),(2022,50,'State','MI + KY state tax return (KY = 3, MI = 47)');
/*!40000 ALTER TABLE `tax_return` ENABLE KEYS */;
UNLOCK TABLES;

--
-- Table structure for table `tax_types`
--

DROP TABLE IF EXISTS `tax_types`;
/*!40101 SET @saved_cs_client     = @@character_set_client */;
/*!40101 SET character_set_client = utf8 */;
CREATE TABLE `tax_types` (
  `name` varchar(20) NOT NULL,
  PRIMARY KEY (`name`)
) ENGINE=InnoDB DEFAULT CHARSET=utf8mb4 COLLATE=utf8mb4_general_ci;
/*!40101 SET character_set_client = @saved_cs_client */;

--
-- Dumping data for table `tax_types`
--

LOCK TABLES `tax_types` WRITE;
/*!40000 ALTER TABLE `tax_types` DISABLE KEYS */;
INSERT INTO `tax_types` VALUES ('Federal'),('Local'),('Medicare'),('Social Security'),('State');
/*!40000 ALTER TABLE `tax_types` ENABLE KEYS */;
UNLOCK TABLES;

--
-- Table structure for table `taxation`
--

DROP TABLE IF EXISTS `taxation`;
/*!40101 SET @saved_cs_client     = @@character_set_client */;
/*!40101 SET character_set_client = utf8 */;
CREATE TABLE `taxation` (
  `id` int(11) NOT NULL AUTO_INCREMENT,
  `job` varchar(30) NOT NULL,
  `transaction_year` int(4) NOT NULL,
  `tax_type_name` varchar(20) NOT NULL,
  `amount` double NOT NULL,
  PRIMARY KEY (`id`),
  KEY `job` (`job`),
  KEY `tax_type_name` (`tax_type_name`),
  CONSTRAINT `taxation_ibfk_1` FOREIGN KEY (`job`) REFERENCES `jobs` (`name`),
  CONSTRAINT `taxation_ibfk_2` FOREIGN KEY (`tax_type_name`) REFERENCES `tax_types` (`name`)
) ENGINE=InnoDB AUTO_INCREMENT=52 DEFAULT CHARSET=utf8mb4 COLLATE=utf8mb4_general_ci;
/*!40101 SET character_set_client = @saved_cs_client */;

--
-- Dumping data for table `taxation`
--

LOCK TABLES `taxation` WRITE;
/*!40000 ALTER TABLE `taxation` DISABLE KEYS */;
INSERT INTO `taxation` VALUES (1,'Save A Lot',2016,'Federal',94.92),(2,'Save A Lot',2016,'State',66.45),(3,'Save A Lot',2016,'Local',59.34),(4,'Save A Lot',2016,'Medicare',43.02),(5,'Save A Lot',2016,'Social Security',183.95),(6,'Walmart',2016,'Federal',124.11),(7,'Walmart',2016,'State',88.54),(8,'Walmart',2016,'Local',92.87),(9,'Walmart',2016,'Medicare',59.85),(10,'Walmart',2016,'Social Security',255.91),(11,'Amazon',2016,'Federal',0),(12,'Amazon',2016,'State',15.54),(13,'Amazon',2016,'Local',11.86),(14,'Amazon',2016,'Medicare',7.64),(15,'Amazon',2016,'Social Security',32.69),(16,'Valvoline',2017,'Federal',1245.79),(17,'Valvoline',2017,'Local',542.83),(18,'Valvoline',2017,'Medicare',349.81),(19,'Valvoline',2017,'Social Security',1495.73),(20,'Valvoline',2017,'State',1089.8),(21,'Walmart',2017,'Federal',8.3),(22,'Walmart',2017,'Local',7.83),(23,'Walmart',2017,'Medicare',5.05),(24,'Walmart',2017,'Social Security',21.59),(25,'Walmart',2017,'State',6.59),(26,'Valvoline',2018,'Federal',1011.8),(27,'Valvoline',2018,'Local',421.3),(28,'Valvoline',2018,'Medicare',271.51),(29,'Valvoline',2018,'Social Security',1160.95),(30,'Valvoline',2018,'State',848.86),(31,'Valvoline',2019,'Federal',1220.84),(32,'Valvoline',2019,'Local',514.02),(33,'Valvoline',2019,'Medicare',331.26),(34,'Valvoline',2019,'Social Security',1416.42),(35,'Valvoline',2019,'State',1047.65),(36,'PhishingBox',2020,'Social Security',2660.1),(37,'PhishingBox',2020,'State',1999.75),(38,'PhishingBox',2020,'Medicare',622.12),(39,'PhishingBox',2020,'Local',965.37),(40,'PhishingBox',2020,'Federal',4511.6),(41,'PhishingBox',2022,'Federal',8323.5),(42,'PhishingBox',2022,'Local',748.71),(43,'PhishingBox',2022,'State',2825.22),(44,'PhishingBox',2022,'Social Security',3850.62),(45,'PhishingBox',2022,'Medicare',900.55),(46,'PhishingBox',2021,'Federal',5980.31),(47,'PhishingBox',2021,'Local',1150.01),(48,'PhishingBox',2021,'Medicare',739.56),(49,'PhishingBox',2021,'Social Security',3162.24),(51,'PhishingBox',2021,'State',2404.49);
/*!40000 ALTER TABLE `taxation` ENABLE KEYS */;
UNLOCK TABLES;
/*!40103 SET TIME_ZONE=@OLD_TIME_ZONE */;

/*!40101 SET SQL_MODE=@OLD_SQL_MODE */;
/*!40014 SET FOREIGN_KEY_CHECKS=@OLD_FOREIGN_KEY_CHECKS */;
/*!40014 SET UNIQUE_CHECKS=@OLD_UNIQUE_CHECKS */;
/*!40101 SET CHARACTER_SET_CLIENT=@OLD_CHARACTER_SET_CLIENT */;
/*!40101 SET CHARACTER_SET_RESULTS=@OLD_CHARACTER_SET_RESULTS */;
/*!40101 SET COLLATION_CONNECTION=@OLD_COLLATION_CONNECTION */;
/*!40111 SET SQL_NOTES=@OLD_SQL_NOTES */;

-- Dump completed on 2023-08-03 20:48:54
